alert.img,2023-05-25 14:02:46
alert.img,2023-05-25 14:02:57
alert.img,2023-05-25 14:06:52
alert.img,2023-05-25 14:07:03
Screenshot (17).png,15/5/2023
alert.img,2023-05-26 16:29:09
alert.img,2023-05-26 16:29:20
alert.img,2023-05-26 16:29:31
alert.img,2023-05-26 16:29:42
alert.img,2023-05-26 16:29:53
alert.img,2023-05-31 12:16:16
alert.img,2023-05-31 12:16:27
alert.img,2023-05-31 12:16:38
alert.img,2023-05-31 12:16:48
alert.img,2023-05-31 12:16:59
alert.img,2023-05-31 12:17:10
alert.img,2023-05-31 12:17:20
alert.img,2023-06-06 20:12:29
alert.img,2023-06-06 20:12:39
alert.img,2023-06-06 20:12:51
alert.img,2023-09-25 15:03:10
